Market Name,Min Price (2023),Max Price (2023),Price 2023,Min Price (2020),Max Price (2020),Price 2020,Min Price (2021),Max Price (2021),Price 2021,Min Price (2019),Max Price (2019),Price 2019,Min Price (2018),Max Price (2018),Price 2018,Min Price (2017),Max Price (2017),Price 2017,Min Price (2016),Max Price (2016),Price 2016,Min Price (2015),Max Price (2015),Price 2015,Min Price (2014),Max Price (2014),Price 2014,Min Price (2013),Max Price (2013),Price 2013,Min Price (2012),Max Price (2012),Price 2012,Min Price (2011),Max Price (2011),Price 2011,Min Price (2010),Max Price (2010),Price 2010,Min Price (2009),Max Price (2009),Price 2009,Min Price (2008),Max Price (2008),Price 2008,Min Price (2007),Max Price (2007),Price 2007,Min Price (2006),Max Price (2006),Price 2006
Satana,400,2295,28-Aug-23,1150,2825,31-Dec-20,800,2450,28-Dec-21,1500,5500,31-Dec-19,150,695,27-Dec-18,1150,3105,27-Dec-17,250,850,30-Dec-16,500,1670,31-Dec-15,850,2005,05-Dec-14,500,1150,03-Jun-13,250,720,09-Nov-12,500,1145,28-Nov-11,1000,4500,30-Dec-10,375,1850,31-Dec-09,151,791,10-Oct-08,400,746,30-Nov-07,201,875,22-Dec-06
Satana,450,2300,25-Aug-23,950,2710,31-Dec-20,1150,3130,28-Dec-21,1500,6205,30-Dec-19,75,295,27-Dec-18,1150,2960,26-Dec-17,100,712,30-Dec-16,500,1715,30-Dec-15,750,1910,05-Dec-14,500,1165,03-May-13,300,1295,22-Oct-12,300,905,28-Nov-11,2000,4405,30-Dec-10,400,2055,30-Dec-09,151,807,06-Oct-08,311,690,29-Nov-07,,,
Satana,405,2520,24-Aug-23,1150,2825,30-Dec-20,850,2400,27-Dec-21,1500,7680,27-Dec-19,100,680,26-Dec-18,950,2965,19-Dec-17,250,824,29-Dec-16,500,1735,29-Dec-15,850,2000,04-Dec-14,500,1025,03-Apr-13,400,1275,19-Oct-12,600,1105,24-Nov-11,1000,4500,29-Dec-10,400,2055,29-Dec-09,125,736,01-Oct-08,301,677,28-Nov-07,,,
Satana,600,2700,22-Aug-23,850,2480,30-Dec-20,1075,3105,27-Dec-21,1500,6380,20-Dec-19,75,325,26-Dec-18,950,3150,18-Dec-17,100,485,29-Dec-16,500,1605,28-Dec-15,750,1910,04-Dec-14,500,1120,13-Mar-13,400,1205,18-Oct-12,400,885,24-Nov-11,1500,4100,29-Dec-10,400,2000,28-Dec-09,251,815,17-Jul-08,351,756,27-Nov-07,,,
Satana,500,2510,18-Aug-23,750,2575,29-Dec-20,825,2425,24-Dec-21,1850,8150,19-Dec-19,150,925,20-Dec-18,1500,3625,07-Dec-17,250,813,28-Dec-16,500,1480,23-Dec-15,850,1785,03-Dec-14,500,1235,12-Mar-13,400,1050,17-Oct-12,350,900,17-Oct-11,700,4350,28-Dec-10,375,1952,24-Dec-09,200,805,16-Jul-08,251,676,26-Nov-07,,,
Satana,550,2655,17-Aug-23,550,2155,29-Dec-20,1050,3400,24-Dec-21,1850,8020,18-Dec-19,125,445,20-Dec-18,1500,4026,06-Dec-17,100,702,28-Dec-16,450,1495,22-Dec-15,700,1440,03-Dec-14,500,1080,08-Mar-13,300,925,16-Oct-12,350,1075,13-Oct-11,1000,4700,27-Dec-10,400,2075,23-Dec-09,200,781,15-Jul-08,501,1136,01-Nov-07,,,
Satana,600,2735,14-Aug-23,800,2200,24-Dec-20,850,2300,23-Dec-21,2500,9875,17-Dec-19,175,930,19-Dec-18,1500,4026,05-Dec-17,250,770,27-Dec-16,450,1400,21-Dec-15,850,2005,02-Dec-14,,,,300,820,12-Oct-12,400,1000,10-Oct-11,500,3350,24-Dec-10,400,2000,22-Dec-09,,,,801,1451,01-Nov-07,,,
Satana,650,2700,11-Aug-23,750,1950,24-Dec-20,1025,3595,23-Dec-21,1800,9540,16-Dec-19,150,565,19-Dec-18,1200,3041,04-Dec-17,100,591,27-Dec-16,350,1425,18-Dec-15,700,1850,02-Dec-14,,,,300,805,10-Oct-12,450,1070,29-Sep-11,850,4100,24-Dec-10,300,2145,21-Dec-09,,,,400,1371,30-Oct-07,,,
Satana,475,2305,10-Aug-23,800,2350,23-Dec-20,650,2350,22-Dec-21,1800,8200,13-Dec-19,200,990,13-Dec-18,1400,3652,04-Dec-17,250,750,22-Dec-16,350,1360,17-Dec-15,950,1990,26-Nov-14,,,,300,765,08-Oct-12,400,1090,28-Sep-11,500,3450,23-Dec-10,250,2105,18-Dec-09,,,,750,1461,30-Oct-07,,,
Satana,500,2100,09-Aug-23,750,2100,23-Dec-20,850,3730,22-Dec-21,2500,8930,13-Dec-19,150,550,13-Dec-18,1150,3205,29-Nov-17,150,651,22-Dec-16,350,1550,16-Dec-15,900,2150,24-Nov-14,,,,250,660,03-Oct-12,450,1335,30-Aug-11,1000,4500,23-Dec-10,400,2100,17-Dec-09,,,,750,1461,29-Oct-07,,,
Satana,600,2170,08-Aug-23,800,2360,22-Dec-20,600,2400,21-Dec-21,1500,7300,12-Dec-19,200,1050,12-Dec-18,1400,3950,29-Nov-17,250,835,21-Dec-16,350,1465,15-Dec-15,850,1885,05-Nov-14,,,,100,605,27-Sep-12,450,1370,24-Aug-11,500,4400,22-Dec-10,360,1965,16-Dec-09,,,,401,1325,26-Oct-07,,,
Satana,550,2155,07-Aug-23,750,2301,22-Dec-20,950,3600,21-Dec-21,2500,9305,12-Dec-19,150,620,12-Dec-18,1200,3751,28-Nov-17,100,625,21-Dec-16,350,1655,14-Dec-15,850,1850,03-Nov-14,,,,100,650,26-Sep-12,450,1310,23-Aug-11,1000,5100,22-Dec-10,300,1905,10-Dec-09,,,,501,1402,26-Oct-07,,,
Satana,350,1975,04-Aug-23,850,1950,21-Dec-20,550,2295,20-Dec-21,1500,5900,10-Dec-19,350,1050,11-Dec-18,1700,4325,28-Nov-17,250,850,20-Dec-16,300,1555,10-Dec-15,750,1800,31-Oct-14,,,,200,710,24-Sep-12,450,1315,22-Aug-11,1700,5600,21-Dec-10,250,2200,09-Dec-09,,,,450,1225,25-Oct-07,,,
Satana,300,1900,03-Aug-23,750,1875,21-Dec-20,900,3405,20-Dec-21,2950,8485,10-Dec-19,180,640,11-Dec-18,2000,4120,23-Nov-17,100,756,20-Dec-16,300,1550,09-Dec-15,850,2065,30-Oct-14,,,,300,740,21-Sep-12,350,995,19-Jul-11,1950,5500,21-Dec-10,350,2550,09-Dec-09,,,,500,1326,25-Oct-07,,,
Satana,250,1875,02-Aug-23,800,2400,18-Dec-20,650,2375,17-Dec-21,4500,13500,05-Dec-19,500,1055,06-Dec-18,2000,4757,23-Nov-17,250,825,19-Dec-16,300,1685,08-Dec-15,850,1945,29-Oct-14,,,,300,760,20-Sep-12,400,1010,18-Jul-11,525,3625,16-Dec-10,300,2200,08-Dec-09,,,,305,1299,24-Oct-07,,,
Satana,300,1870,01-Aug-23,550,1895,18-Dec-20,800,3345,17-Dec-21,4500,13200,04-Dec-19,150,680,06-Dec-18,1850,3851,22-Nov-17,200,761,19-Dec-16,300,1455,07-Dec-15,750,1935,17-Oct-14,,,,300,750,19-Sep-12,400,1040,15-Jul-11,1075,4700,16-Dec-10,350,2505,08-Dec-09,,,,800,1410,24-Oct-07,,,
Satana,200,1805,31-Jul-23,800,2630,17-Dec-20,600,2375,16-Dec-21,4500,12505,03-Dec-19,400,1080,05-Dec-18,1800,4362,22-Nov-17,300,927,16-Dec-16,300,2130,03-Dec-15,750,1885,16-Oct-14,,,,250,670,13-Sep-12,200,685,06-Apr-11,500,3700,15-Dec-10,151,1700,07-Dec-09,,,,400,1201,23-Oct-07,,,
Satana,150,1685,27-Jul-23,700,2001,17-Dec-20,950,3300,16-Dec-21,4500,12305,02-Dec-19,150,655,05-Dec-18,1450,3491,21-Nov-17,150,941,16-Dec-16,300,2295,02-Dec-15,900,2255,14-Oct-14,,,,250,760,05-Sep-12,100,575,23-Mar-11,1050,4600,15-Dec-10,1000,2900,07-Dec-09,,,,500,1351,23-Oct-07,,,
Satana,225,1715,26-Jul-23,900,2890,16-Dec-20,675,2600,15-Dec-21,2500,8200,26-Nov-19,400,1125,04-Dec-18,1350,4172,21-Nov-17,300,1013,15-Dec-16,300,2500,01-Dec-15,850,2110,13-Oct-14,,,,200,730,31-Aug-12,100,615,21-Mar-11,500,3690,14-Dec-10,350,1800,05-Dec-09,,,,300,1300,22-Oct-07,,,
Satana,150,1775,24-Jul-23,950,2340,16-Dec-20,750,3330,15-Dec-21,2500,8295,25-Nov-19,200,715,04-Dec-18,1500,3525,20-Nov-17,200,1035,15-Dec-16,300,2295,30-Nov-15,750,1970,10-Oct-14,,,,300,740,30-Aug-12,200,580,16-Mar-11,1000,4580,14-Dec-10,850,2400,05-Dec-09,,,,700,1451,22-Oct-07,,,
Satana,200,1655,21-Jul-23,900,3175,15-Dec-20,650,2640,14-Dec-21,3500,8850,22-Nov-19,500,1235,03-Dec-18,1100,3800,20-Nov-17,300,1076,14-Dec-16,300,2410,27-Nov-15,750,1740,09-Oct-14,,,,200,760,29-Aug-12,100,550,15-Mar-11,200,2575,29-Nov-10,400,1895,04-Dec-09,,,,500,1425,19-Oct-07,,,
Satana,225,1725,20-Jul-23,950,2945,15-Dec-20,775,3270,14-Dec-21,2150,7855,21-Nov-19,200,650,03-Dec-18,700,2981,13-Nov-17,200,1000,14-Dec-16,305,2355,26-Nov-15,800,1550,01-Oct-14,,,,300,755,28-Aug-12,100,535,14-Mar-11,1000,3345,29-Nov-10,900,2495,04-Dec-09,,,,400,1251,18-Oct-07,,,
Satana,200,1655,18-Jul-23,1000,3455,11-Dec-20,750,2700,13-Dec-21,4100,6600,20-Nov-19,450,1275,29-Nov-18,1200,2911,13-Nov-17,300,1079,09-Dec-16,550,2510,24-Nov-15,950,1730,23-Sep-14,,,,200,730,27-Aug-12,200,895,08-Mar-11,300,2105,26-Nov-10,400,1600,02-Dec-09,,,,400,1411,18-Oct-07,,,
Satana,200,1765,17-Jul-23,1150,3355,11-Dec-20,875,3390,13-Dec-21,1850,6105,19-Nov-19,200,780,29-Nov-18,1200,2651,08-Nov-17,200,750,09-Dec-16,550,2800,23-Nov-15,950,1945,18-Sep-14,,,,100,795,24-Aug-12,200,805,07-Mar-11,1000,3670,26-Nov-10,1000,2865,02-Dec-09,,,,470,1441,16-Oct-07,,,
Satana,250,1800,14-Jul-23,1000,3395,10-Dec-20,550,2795,09-Dec-21,1850,5630,18-Nov-19,500,1320,28-Nov-18,1400,3141,08-Nov-17,300,1061,08-Dec-16,750,2935,06-Nov-15,1050,2000,17-Sep-14,,,,200,775,23-Aug-12,200,1005,28-Feb-11,350,2650,25-Nov-10,200,1875,27-Nov-09,,,,500,1471,15-Oct-07,,,
Satana,225,1675,13-Jul-23,1100,3195,10-Dec-20,800,3405,09-Dec-21,1850,5505,15-Nov-19,160,770,28-Nov-18,1200,3075,07-Nov-17,200,895,08-Dec-16,1650,4600,06-Nov-15,950,1615,16-Sep-14,,,,200,780,22-Aug-12,300,1065,25-Feb-11,1200,3750,25-Nov-10,800,2705,27-Nov-09,,,,500,1531,12-Oct-07,,,
Satana,200,1675,12-Jul-23,1000,3500,09-Dec-20,550,2300,08-Dec-21,1750,5525,14-Nov-19,500,1155,21-Nov-18,1500,3300,07-Nov-17,300,1035,07-Dec-16,750,2950,05-Nov-15,950,1795,15-Sep-14,,,,,,,200,1100,24-Feb-11,600,2465,24-Nov-10,205,1200,26-Nov-09,,,,550,1551,11-Oct-07,,,
Satana,200,1680,11-Jul-23,1100,3480,09-Dec-20,800,2855,08-Dec-21,1550,5500,13-Nov-19,250,835,21-Nov-18,900,3041,06-Nov-17,150,781,07-Dec-16,1650,3895,05-Nov-15,1050,1935,12-Sep-14,,,,,,,200,1270,23-Feb-11,1200,3700,24-Nov-10,950,2500,26-Nov-09,,,,481,1451,09-Oct-07,,,
Satana,150,1675,10-Jul-23,750,3000,04-Dec-20,550,2670,07-Dec-21,1850,5935,11-Nov-19,600,1700,15-Nov-18,1500,3500,06-Nov-17,300,1103,06-Dec-16,750,2830,04-Nov-15,1050,1895,11-Sep-14,,,,,,,500,1250,22-Feb-11,400,2205,23-Nov-10,251,1235,25-Nov-09,,,,500,1475,08-Oct-07,,,
Satana,200,1665,07-Jul-23,850,2125,04-Dec-20,850,2670,07-Dec-21,1850,5335,08-Nov-19,450,1250,15-Nov-18,1200,3199,01-Nov-17,150,688,06-Dec-16,1750,4200,04-Nov-15,1000,1985,10-Sep-14,,,,,,,200,1170,21-Feb-11,1050,3800,23-Nov-10,835,2650,25-Nov-09,,,,1386,1585,05-Oct-07,,,
Satana,150,1695,06-Jul-23,900,2895,03-Dec-20,550,2150,06-Dec-21,1850,5155,07-Nov-19,510,1920,25-Oct-18,1300,3190,31-Oct-17,300,1091,02-Dec-16,900,2425,03-Nov-15,1000,2045,05-Sep-14,,,,,,,300,1065,18-Feb-11,300,2150,22-Nov-10,400,1350,24-Nov-09,,,,655,1786,04-Oct-07,,,
Satana,200,1710,05-Jul-23,950,2540,03-Dec-20,750,2380,06-Dec-21,1850,5140,06-Nov-19,600,2280,24-Oct-18,1200,3000,30-Oct-17,150,571,02-Dec-16,1750,4380,03-Nov-15,1000,1905,04-Sep-14,,,,,,,300,955,17-Feb-11,1000,3635,22-Nov-10,951,2635,24-Nov-09,,,,851,2000,01-Oct-07,,,
Satana,350,1785,04-Jul-23,1000,3500,02-Dec-20,600,2550,03-Dec-21,1850,5480,05-Nov-19,550,2155,23-Oct-18,1200,2900,26-Oct-17,300,1351,01-Dec-16,900,2395,02-Nov-15,1000,1750,03-Sep-14,,,,,,,300,1125,16-Feb-11,200,2215,18-Nov-10,400,1850,23-Nov-09,,,,575,1646,26-Sep-07,,,
Satana,200,1840,03-Jul-23,1000,3280,02-Dec-20,750,3000,03-Dec-21,1050,3980,24-Oct-19,550,1855,22-Oct-18,1000,2851,25-Oct-17,200,851,01-Dec-16,1750,4390,02-Nov-15,1000,1900,28-Aug-14,,,,,,,300,1120,15-Feb-11,958,3315,18-Nov-10,900,2420,23-Nov-09,,,,555,1575,24-Sep-07,,,
Satana,300,1890,30-Jun-23,1000,3650,01-Dec-20,700,2200,02-Dec-21,1150,4155,23-Oct-19,800,2600,17-Oct-18,1001,2551,13-Oct-17,300,1355,30-Nov-16,900,3175,30-Oct-15,1000,2145,27-Aug-14,,,,,,,300,1205,14-Feb-11,500,2625,12-Nov-10,700,1522,20-Nov-09,,,,655,1660,21-Sep-07,,,
Satana,200,1795,28-Jun-23,1000,3395,01-Dec-20,750,2700,02-Dec-21,1050,3825,22-Oct-19,700,2400,16-Oct-18,1001,2600,12-Oct-17,200,555,30-Nov-16,1800,4365,30-Oct-15,,,,,,,,,,100,900,09-Feb-11,400,1830,11-Nov-10,900,2300,20-Nov-09,,,,605,1722,20-Sep-07,,,
Satana,200,1695,27-Jun-23,1000,4100,26-Nov-20,675,2025,01-Dec-21,950,2725,18-Oct-19,650,2035,15-Oct-18,1001,2622,10-Oct-17,300,1101,25-Nov-16,900,3500,29-Oct-15,,,,,,,,,,200,1050,08-Feb-11,800,2675,11-Nov-10,800,2215,19-Nov-09,,,,651,1672,19-Sep-07,,,
Satana,150,1675,26-Jun-23,1500,3675,26-Nov-20,650,1890,30-Nov-21,950,2725,17-Oct-19,450,1550,11-Oct-18,1001,2899,09-Oct-17,200,770,25-Nov-16,1850,4300,29-Oct-15,,,,,,,,,,200,1155,07-Feb-11,650,1800,29-Oct-10,951,2390,19-Nov-09,,,,601,1590,18-Sep-07,,,
Satana,100,1625,21-Jun-23,1000,4600,25-Nov-20,650,1680,29-Nov-21,950,3000,16-Oct-19,450,1295,10-Oct-18,950,2301,06-Oct-17,300,1301,24-Nov-16,900,3800,28-Oct-15,,,,,,,,,,300,1465,02-Feb-11,600,1790,28-Oct-10,700,2215,18-Nov-09,,,,501,1392,14-Sep-07,,,
Satana,100,1675,20-Jun-23,1500,4105,25-Nov-20,775,2375,26-Nov-21,950,3135,15-Oct-19,400,1095,08-Oct-18,975,2306,05-Oct-17,200,935,24-Nov-16,1700,4500,28-Oct-15,,,,,,,,,,225,1765,31-Jan-11,600,1685,27-Oct-10,900,2300,18-Nov-09,,,,501,1423,13-Sep-07,,,
Satana,100,1660,19-Jun-23,1000,4600,24-Nov-20,725,2260,25-Nov-21,950,3170,14-Oct-19,400,1130,04-Oct-18,950,2100,04-Oct-17,300,1550,23-Nov-16,900,3580,27-Oct-15,,,,,,,,,,200,1550,28-Jan-11,600,1565,22-Oct-10,600,1710,13-Nov-09,,,,525,1345,12-Sep-07,,,
Satana,150,1700,16-Jun-23,1500,4300,24-Nov-20,810,2510,24-Nov-21,1700,4120,24-Sep-19,350,1025,03-Oct-18,750,2000,03-Oct-17,200,816,23-Nov-16,1700,4180,27-Oct-15,,,,,,,,,,300,1530,27-Jan-11,600,1480,21-Oct-10,700,1880,13-Nov-09,,,,501,1400,11-Sep-07,,,
Satana,50,1535,15-Jun-23,1000,4600,23-Nov-20,825,2530,23-Nov-21,1850,4555,20-Sep-19,400,1060,01-Oct-18,650,1681,27-Sep-17,300,1357,22-Nov-16,900,3875,26-Oct-15,,,,,,,,,,500,1650,24-Jan-11,600,1605,20-Oct-10,800,1700,12-Nov-09,,,,501,1401,06-Sep-07,,,
Satana,50,1375,14-Jun-23,1500,4215,23-Nov-20,850,2890,22-Nov-21,1800,4885,19-Sep-19,400,885,27-Sep-18,650,1675,26-Sep-17,200,1016,22-Nov-16,1700,4355,26-Oct-15,,,,,,,,,,800,2705,21-Jan-11,600,1620,19-Oct-10,500,1910,12-Nov-09,,,,625,1400,05-Sep-07,,,
Satana,50,1375,13-Jun-23,1050,4000,11-Nov-20,750,2335,18-Nov-21,1700,3925,18-Sep-19,350,870,26-Sep-18,600,1525,19-Sep-17,300,1392,21-Nov-16,1000,3355,21-Oct-15,,,,,,,,,,500,3405,18-Jan-11,560,1590,18-Oct-10,700,1985,11-Nov-09,,,,701,1700,04-Sep-07,,,
Satana,175,1255,12-Jun-23,1500,4995,11-Nov-20,725,2720,17-Nov-21,1150,3555,17-Sep-19,350,825,24-Sep-18,600,1450,15-Sep-17,200,1100,21-Nov-16,1850,3300,21-Oct-15,,,,,,,,,,500,3300,17-Jan-11,600,1685,15-Oct-10,500,1805,10-Nov-09,,,,625,1483,31-Aug-07,,,
Satana,200,1300,08-Jun-23,1050,5500,10-Nov-20,700,2365,16-Nov-21,1050,3555,16-Sep-19,350,885,19-Sep-18,600,1491,14-Sep-17,300,1400,10-Nov-16,900,2860,20-Oct-15,,,,,,,,,,500,3500,12-Jan-11,550,1655,14-Oct-10,300,1795,10-Nov-09,,,,601,1525,30-Aug-07,,,
Satana,110,1280,07-Jun-23,1500,5300,10-Nov-20,725,2525,15-Nov-21,1050,2715,11-Sep-19,350,935,18-Sep-18,650,1569,13-Sep-17,200,995,10-Nov-16,1850,3155,20-Oct-15,,,,,,,,,,500,3745,11-Jan-11,600,1655,13-Oct-10,350,1540,09-Nov-09,,,,501,1360,29-Aug-07,,,
Satana,150,1370,06-Jun-23,1000,4350,06-Nov-20,750,3115,12-Nov-21,1050,2645,09-Sep-19,350,920,17-Sep-18,700,1642,12-Sep-17,300,1391,09-Nov-16,1850,2725,19-Oct-15,,,,,,,,,,500,4290,07-Jan-11,500,1560,11-Oct-10,400,1500,09-Nov-09,,,,501,1526,24-Aug-07,,,
Satana,200,1370,05-Jun-23,1500,4850,06-Nov-20,800,3250,11-Nov-21,1050,2525,06-Sep-19,350,1020,12-Sep-18,750,1750,11-Sep-17,200,845,09-Nov-16,1950,3165,16-Oct-15,,,,,,,,,,500,5210,06-Jan-11,600,1850,30-Sep-10,350,1375,06-Nov-09,,,,751,1607,23-Aug-07,,,
Satana,100,1340,02-Jun-23,1000,3825,05-Nov-20,925,3555,10-Nov-21,1050,2505,05-Sep-19,350,965,11-Sep-18,700,1841,07-Sep-17,300,1366,08-Nov-16,2050,3400,15-Oct-15,,,,,,,,,,,,,501,1910,29-Sep-10,200,1175,06-Nov-09,,,,851,1527,21-Aug-07,,,
Satana,100,1475,01-Jun-23,1500,4770,05-Nov-20,850,3395,09-Nov-21,1050,2620,04-Sep-19,400,1005,10-Sep-18,800,1860,06-Sep-17,200,1105,08-Nov-16,2050,3305,14-Oct-15,,,,,,,,,,,,,500,1610,28-Sep-10,300,1540,05-Nov-09,,,,700,1960,20-Aug-07,,,
Satana,100,1265,31-May-23,1200,4305,04-Nov-20,775,3200,28-Oct-21,1050,2725,29-Aug-19,400,960,05-Sep-18,800,1999,04-Sep-17,200,1014,26-Oct-16,2100,3750,13-Oct-15,,,,,,,,,,,,,500,1790,27-Sep-10,500,1600,04-Nov-09,,,,551,1325,17-Aug-07,,,
Satana,100,1280,30-May-23,1500,4295,04-Nov-20,750,3230,27-Oct-21,1050,2725,28-Aug-19,400,975,04-Sep-18,850,2099,01-Sep-17,200,1050,25-Oct-16,2150,4070,09-Oct-15,,,,,,,,,,,,,890,1595,24-Sep-10,300,1405,03-Nov-09,,,,501,1200,16-Aug-07,,,
Satana,70,1095,26-May-23,1500,5400,03-Nov-20,825,3470,26-Oct-21,1050,2775,27-Aug-19,450,970,30-Aug-18,950,2127,31-Aug-17,200,870,21-Oct-16,2250,4000,08-Oct-15,,,,,,,,,,,,,900,1620,23-Sep-10,400,1505,03-Nov-09,,,,525,1100,14-Aug-07,,,
Satana,100,1085,25-May-23,2000,6305,02-Nov-20,800,3175,25-Oct-21,1015,2450,26-Aug-19,450,1050,29-Aug-18,850,2150,30-Aug-17,200,911,20-Oct-16,2250,4155,07-Oct-15,,,,,,,,,,,,,500,1675,21-Sep-10,400,1385,30-Oct-09,,,,401,1158,13-Aug-07,,,
Satana,100,1055,24-May-23,1500,5505,15-Oct-20,850,3165,21-Oct-21,950,2395,22-Aug-19,450,1025,28-Aug-18,850,2091,29-Aug-17,200,925,19-Oct-16,2250,4300,06-Oct-15,,,,,,,,,,,,,650,1620,17-Sep-10,870,1500,30-Oct-09,,,,305,980,10-Aug-07,,,
Satana,100,995,23-May-23,1400,5300,14-Oct-20,850,3265,20-Oct-21,950,2405,21-Aug-19,550,1100,23-Aug-18,750,1951,24-Aug-17,200,976,18-Oct-16,2250,4300,05-Oct-15,,,,,,,,,,,,,700,1635,16-Sep-10,200,1500,29-Oct-09,,,,351,999,09-Aug-07,,,
Satana,100,1080,18-May-23,1300,4995,13-Oct-20,925,3825,18-Oct-21,950,2400,20-Aug-19,570,1120,21-Aug-18,900,2226,23-Aug-17,200,880,14-Oct-16,2250,3950,01-Oct-15,,,,,,,,,,,,,450,1500,15-Sep-10,350,1710,29-Oct-09,,,,200,1000,08-Aug-07,,,
Satana,100,1055,17-May-23,1300,4970,12-Oct-20,950,3750,14-Oct-21,850,2375,19-Aug-19,610,1150,20-Aug-18,900,2300,22-Aug-17,200,871,13-Oct-16,2250,4400,30-Sep-15,,,,,,,,,,,,,500,1435,14-Sep-10,300,1120,28-Oct-09,,,,351,999,07-Aug-07,,,
Satana,100,1005,16-May-23,1100,4110,09-Oct-20,950,4050,13-Oct-21,900,2195,16-Aug-19,480,1080,14-Aug-18,900,2181,16-Aug-17,200,926,12-Oct-16,2250,4185,29-Sep-15,,,,,,,,,,,,,500,1345,13-Sep-10,400,1580,28-Oct-09,,,,450,924,06-Aug-07,,,
Satana,100,955,11-May-23,1450,3710,08-Oct-20,1150,4450,12-Oct-21,800,1800,14-Aug-19,510,1105,13-Aug-18,950,2400,11-Aug-17,200,932,10-Oct-16,2150,4045,28-Sep-15,,,,,,,,,,,,,350,1185,09-Sep-10,251,1530,27-Oct-09,,,,451,918,03-Aug-07,,,
Satana,100,980,10-May-23,1100,4200,07-Oct-20,975,3865,08-Oct-21,600,1580,13-Aug-19,510,1190,08-Aug-18,1000,2686,10-Aug-17,200,902,07-Oct-16,2350,4300,23-Sep-15,,,,,,,,,,,,,350,1225,31-Aug-10,400,1730,27-Oct-09,,,,301,899,02-Aug-07,,,
Satana,150,1050,09-May-23,1000,3910,06-Oct-20,950,3700,07-Oct-21,500,1430,09-Aug-19,510,1155,07-Aug-18,1000,2713,09-Aug-17,200,780,06-Oct-16,2350,4420,22-Sep-15,,,,,,,,,,,,,300,1140,30-Aug-10,400,1925,26-Oct-09,,,,351,841,01-Aug-07,,,
Satana,100,1095,08-May-23,1000,4300,05-Oct-20,950,3765,05-Oct-21,500,1370,08-Aug-19,510,1100,06-Aug-18,1000,2751,08-Aug-17,150,726,04-Oct-16,2350,4590,21-Sep-15,,,,,,,,,,,,,350,1185,27-Aug-10,300,1540,23-Oct-09,,,,450,924,31-Jul-07,,,
Satana,100,1030,04-May-23,1000,4755,01-Oct-20,1050,3950,04-Oct-21,500,1380,07-Aug-19,550,1150,02-Aug-18,775,1897,02-Aug-17,150,627,03-Oct-16,2350,5060,16-Sep-15,,,,,,,,,,,,,300,1195,26-Aug-10,350,1530,22-Oct-09,,,,451,938,30-Jul-07,,,
Satana,100,1070,03-May-23,1000,4410,30-Sep-20,950,2885,30-Sep-21,500,1510,06-Aug-19,550,1160,01-Aug-18,600,1526,01-Aug-17,150,570,29-Sep-16,2350,5280,15-Sep-15,,,,,,,,,,,,,350,1050,25-Aug-10,300,1380,07-Oct-09,,,,301,928,27-Jul-07,,,
Satana,100,1100,02-May-23,1000,4440,29-Sep-20,850,2475,29-Sep-21,500,1450,05-Aug-19,550,1185,31-Jul-18,600,1560,31-Jul-17,150,517,28-Sep-16,2350,4950,14-Sep-15,,,,,,,,,,,,,200,970,23-Aug-10,300,1530,06-Oct-09,,,,351,875,25-Jul-07,,,
Satana,100,1025,27-Apr-23,1000,4430,28-Sep-20,850,2380,28-Sep-21,500,1395,02-Aug-19,510,1180,30-Jul-18,550,1526,28-Jul-17,150,570,27-Sep-16,2350,5470,10-Sep-15,,,,,,,,,,,,,200,890,20-Aug-10,250,1515,05-Oct-09,,,,351,878,24-Jul-07,,,
Satana,75,1000,26-Apr-23,1100,4310,24-Sep-20,850,2275,27-Sep-21,500,1460,01-Aug-19,550,1195,26-Jul-18,600,1466,27-Jul-17,150,494,26-Sep-16,2450,5700,09-Sep-15,,,,,,,,,,,,,275,970,18-Aug-10,215,1650,02-Oct-09,,,,301,834,18-Jul-07,,,
Satana,100,920,25-Apr-23,1100,4075,23-Sep-20,825,2335,24-Sep-21,500,1325,30-Jul-19,450,1180,25-Jul-18,400,1122,26-Jul-17,150,527,20-Sep-16,2450,5765,08-Sep-15,,,,,,,,,,,,,300,970,17-Aug-10,400,1335,01-Oct-09,,,,301,833,17-Jul-07,,,
Satana,150,885,24-Apr-23,1100,4385,22-Sep-20,850,2435,23-Sep-21,500,1375,29-Jul-19,450,1190,24-Jul-18,350,1002,25-Jul-17,190,595,19-Sep-16,2450,5310,07-Sep-15,,,,,,,,,,,,,300,1060,16-Aug-10,300,1060,30-Sep-09,,,,311,823,16-Jul-07,,,
Satana,150,950,21-Apr-23,1100,4475,21-Sep-20,850,2220,22-Sep-21,450,1310,26-Jul-19,600,1205,19-Jul-18,350,991,24-Jul-17,200,635,16-Sep-16,2350,5185,02-Sep-15,,,,,,,,,,,,,300,915,13-Aug-10,250,881,29-Sep-09,,,,351,865,12-Jul-07,,,
Satana,150,900,20-Apr-23,725,3250,16-Sep-20,750,2065,21-Sep-21,450,1300,25-Jul-19,550,1225,18-Jul-18,300,800,21-Jul-17,200,606,14-Sep-16,2400,5300,01-Sep-15,,,,,,,,,,,,,300,900,12-Aug-10,140,710,24-Sep-09,,,,301,851,11-Jul-07,,,
Satana,50,565,19-Apr-23,725,3050,15-Sep-20,600,1930,20-Sep-21,500,1325,24-Jul-19,550,1225,17-Jul-18,250,790,20-Jul-17,200,611,13-Sep-16,2475,5370,31-Aug-15,,,,,,,,,,,,,200,720,04-Aug-10,125,720,23-Sep-09,,,,375,896,10-Jul-07,,,
Satana,75,945,19-Apr-23,850,4100,14-Sep-20,550,1815,17-Sep-21,500,1350,23-Jul-19,550,1250,16-Jul-18,250,786,19-Jul-17,200,616,09-Sep-16,2450,5635,26-Aug-15,,,,,,,,,,,,,200,855,30-Jul-10,104,700,22-Sep-09,,,,301,840,09-Jul-07,,,
Satana,50,630,18-Apr-23,725,2700,11-Sep-20,550,1695,16-Sep-21,450,1240,22-Jul-19,600,1280,12-Jul-18,200,760,18-Jul-17,200,675,08-Sep-16,2450,5760,25-Aug-15,,,,,,,,,,,,,245,825,29-Jul-10,160,740,17-Sep-09,,,,351,873,06-Jul-07,,,
Satana,55,955,18-Apr-23,725,2750,10-Sep-20,500,1630,15-Sep-21,450,1295,19-Jul-19,600,1340,11-Jul-18,200,687,17-Jul-17,200,686,07-Sep-16,2650,6130,21-Aug-15,,,,,,,,,,,,,250,855,28-Jul-10,151,705,16-Sep-09,,,,301,886,05-Jul-07,,,
Satana,100,680,17-Apr-23,725,2785,09-Sep-20,550,1600,14-Sep-21,450,1310,18-Jul-19,610,1345,10-Jul-18,200,720,14-Jul-17,200,790,02-Sep-16,2550,5710,20-Aug-15,,,,,,,,,,,,,250,855,27-Jul-10,175,715,15-Sep-09,,,,401,929,04-Jul-07,,,
Satana,50,1125,17-Apr-23,625,2545,08-Sep-20,550,1650,13-Sep-21,450,1325,17-Jul-19,650,1255,09-Jul-18,200,713,13-Jul-17,200,751,31-Aug-16,2350,5355,19-Aug-15,,,,,,,,,,,,,200,810,26-Jul-10,150,655,14-Sep-09,,,,325,969,03-Jul-07,,,
Satana,50,725,13-Apr-23,585,2320,07-Sep-20,775,1700,09-Sep-21,450,1330,16-Jul-19,750,1375,06-Jul-18,200,720,12-Jul-17,200,781,30-Aug-16,2150,4880,17-Aug-15,,,,,,,,,,,,,200,720,04-Jul-10,151,630,11-Sep-09,,,,301,985,02-Jul-07,,,
Satana,50,900,13-Apr-23,625,2300,04-Sep-20,650,1810,08-Sep-21,450,1330,15-Jul-19,750,1380,04-Jul-18,200,702,11-Jul-17,200,783,29-Aug-16,2050,4200,13-Aug-15,,,,,,,,,,,,,200,750,26-May-10,200,655,10-Sep-09,,,,401,1001,21-Jun-07,,,
Satana,50,665,12-Apr-23,625,2400,03-Sep-20,650,1745,07-Sep-21,500,1390,12-Jul-19,750,1450,03-Jul-18,200,690,10-Jul-17,200,848,26-Aug-16,2050,3900,12-Aug-15,,,,,,,,,,,,,200,730,25-May-10,140,700,09-Sep-09,,,,301,824,20-Jun-07,,,
Satana,50,930,12-Apr-23,585,2080,02-Sep-20,650,1635,03-Sep-21,500,1375,11-Jul-19,550,1500,02-Jul-18,150,693,07-Jul-17,200,818,25-Aug-16,2000,3800,11-Aug-15,,,,,,,,,,,,,200,715,24-May-10,130,700,08-Sep-09,,,,351,910,19-Jun-07,,,
Satana,190,730,11-Apr-23,550,2305,01-Sep-20,650,1590,02-Sep-21,500,1400,09-Jul-19,500,1265,28-Jun-18,150,671,06-Jul-17,200,827,23-Aug-16,2075,3750,10-Aug-15,,,,,,,,,,,,,200,690,21-May-10,175,750,07-Sep-09,,,,401,975,18-Jun-07,,,
Satana,340,1000,11-Apr-23,585,1970,31-Aug-20,725,1720,26-Aug-21,450,1375,08-Jul-19,500,1275,27-Jun-18,175,679,05-Jul-17,250,841,22-Aug-16,2050,3675,07-Aug-15,,,,,,,,,,,,,200,725,20-May-10,115,690,02-Sep-09,,,,351,1015,15-Jun-07,,,
Satana,75,750,10-Apr-23,585,1435,24-Aug-20,725,1650,25-Aug-21,450,1360,05-Jul-19,550,1300,26-Jun-18,100,649,30-Jun-17,200,821,19-Aug-16,1850,3740,06-Aug-15,,,,,,,,,,,,,205,730,19-May-10,151,690,01-Sep-09,,,,451,1028,14-Jun-07,,,
Satana,105,925,10-Apr-23,550,1700,20-Aug-20,750,1790,24-Aug-21,500,1410,04-Jul-19,550,1285,25-Jun-18,150,680,29-Jun-17,200,799,17-Aug-16,1850,3960,05-Aug-15,,,,,,,,,,,,,200,715,18-May-10,151,655,28-Aug-09,,,,401,938,13-Jun-07,,,
Satana,50,750,31-Mar-23,750,2030,19-Aug-20,850,1855,23-Aug-21,450,1380,03-Jul-19,550,1275,20-Jun-18,200,651,28-Jun-17,200,800,16-Aug-16,1850,4250,04-Aug-15,,,,,,,,,,,,,100,630,14-May-10,200,755,27-Aug-09,,,,351,818,12-Jun-07,,,
Satana,100,950,31-Mar-23,475,1435,17-Aug-20,800,1875,18-Aug-21,500,1420,02-Jul-19,500,1275,19-Jun-18,200,635,27-Jun-17,300,801,12-Aug-16,1850,3880,03-Aug-15,,,,,,,,,,,,,100,610,13-May-10,200,790,26-Aug-09,,,,351,805,11-Jun-07,,,
Satana,100,700,29-Mar-23,425,1185,14-Aug-20,800,1950,17-Aug-21,500,1375,01-Jul-19,400,1115,18-Jun-18,200,691,23-Jun-17,300,775,11-Aug-16,1850,3670,31-Jul-15,,,,,,,,,,,,,200,615,11-May-10,200,725,25-Aug-09,,,,251,776,07-Jun-07,,,
Satana,100,840,29-Mar-23,425,1135,13-Aug-20,750,1820,13-Aug-21,450,1300,27-Jun-19,400,1130,15-Jun-18,200,655,22-Jun-17,300,1085,08-Jul-16,1850,3475,30-Jul-15,,,,,,,,,,,,,200,610,10-May-10,140,675,21-Aug-09,,,,251,711,05-Jun-07,,,
Satana,50,790,28-Mar-23,425,1080,12-Aug-20,750,1790,11-Aug-21,500,1300,26-Jun-19,350,1055,14-Jun-18,200,640,21-Jun-17,250,1010,07-Jul-16,1550,3800,29-Jul-15,,,,,,,,,,,,,200,525,30-Apr-10,150,675,19-Aug-09,,,,251,710,04-Jun-07,,,
Satana,100,900,28-Mar-23,425,955,11-Aug-20,750,1825,10-Aug-21,500,1290,25-Jun-19,350,985,13-Jun-18,200,636,20-Jun-17,250,950,05-Jul-16,1550,4105,28-Jul-15,,,,,,,,,,,,,200,625,29-Apr-10,200,715,18-Aug-09,,,,251,702,01-Jun-07,,,
Satana,50,870,27-Mar-23,375,855,10-Aug-20,750,1830,09-Aug-21,400,1280,24-Jun-19,350,895,12-Jun-18,200,657,16-Jun-17,300,960,01-Jul-16,1150,2830,24-Jul-15,,,,,,,,,,,,,151,620,28-Apr-10,205,755,13-Aug-09,,,,250,556,30-May-07,,,
Satana,50,1005,27-Mar-23,350,820,07-Aug-20,750,1750,04-Aug-21,450,1255,03-Jun-19,350,870,11-Jun-18,200,656,15-Jun-17,300,940,30-Jun-16,1050,2965,22-Jul-15,,,,,,,,,,,,,180,620,27-Apr-10,211,775,12-Aug-09,,,,251,595,29-May-07,,,
Satana,150,940,24-Mar-23,325,815,06-Aug-20,750,1800,03-Aug-21,450,1325,30-May-19,350,930,07-Jun-18,200,651,14-Jun-17,300,975,29-Jun-16,1150,2815,21-Jul-15,,,,,,,,,,,,,200,640,26-Apr-10,250,740,11-Aug-09,,,,200,480,24-May-07,,,
Satana,275,1075,24-Mar-23,325,780,05-Aug-20,850,1880,02-Aug-21,450,1250,29-May-19,350,900,06-Jun-18,200,650,13-Jun-17,300,955,28-Jun-16,950,2525,20-Jul-15,,,,,,,,,,,,,200,635,23-Apr-10,251,755,10-Aug-09,,,,251,500,18-May-07,,,
Satana,150,920,23-Mar-23,325,775,04-Aug-20,875,1925,30-Jul-21,450,1265,28-May-19,450,945,05-Jun-18,200,644,12-Jun-17,300,940,27-Jun-16,950,2225,17-Jul-15,,,,,,,,,,,,,250,620,22-Apr-10,255,730,07-Aug-09,,,,275,580,03-May-07,,,
Satana,300,1130,23-Mar-23,325,770,31-Jul-20,750,1900,29-Jul-21,450,1305,27-May-19,450,1015,04-Jun-18,200,645,31-May-17,300,985,24-Jun-16,950,2150,15-Jul-15,,,,,,,,,,,,,100,575,21-Apr-10,225,705,06-Aug-09,,,,301,515,26-Apr-07,,,
Satana,120,970,21-Mar-23,325,765,30-Jul-20,750,1865,28-Jul-21,400,1145,23-May-19,400,1000,30-May-18,150,622,26-May-17,300,985,23-Jun-16,950,2350,14-Jul-15,,,,,,,,,,,,,150,595,20-Apr-10,200,685,04-Aug-09,,,,201,435,25-Apr-07,,,
Satana,360,1200,21-Mar-23,325,765,29-Jul-20,750,1930,27-Jul-21,450,1120,22-May-19,260,740,23-May-18,150,585,25-May-17,350,1075,22-Jun-16,900,2390,13-Jul-15,,,,,,,,,,,,,150,580,19-Apr-10,205,661,03-Aug-09,,,,251,468,24-Apr-07,,,
Satana,150,945,20-Mar-23,325,850,28-Jul-20,750,1950,26-Jul-21,400,1115,21-May-19,250,720,22-May-18,150,550,24-May-17,350,1095,21-Jun-16,850,1900,10-Jul-15,,,,,,,,,,,,,200,575,16-Apr-10,151,660,31-Jul-09,,,,251,451,23-Apr-07,,,
Satana,260,1210,20-Mar-23,350,845,27-Jul-20,750,1915,23-Jul-21,350,1050,20-May-19,250,760,17-May-18,200,597,23-May-17,350,1050,20-Jun-16,950,1950,09-Jul-15,,,,,,,,,,,,,225,625,15-Apr-10,200,645,30-Jul-09,,,,251,438,18-Apr-07,,,
Satana,125,865,17-Mar-23,350,810,24-Jul-20,750,1820,22-Jul-21,400,1125,14-May-19,250,775,16-May-18,200,586,19-May-17,250,885,15-Jun-16,850,1895,08-Jul-15,,,,,,,,,,,,,150,690,26-Mar-10,202,655,29-Jul-09,,,,251,451,17-Apr-07,,,
Satana,325,1225,17-Mar-23,325,790,23-Jul-20,750,1760,19-Jul-21,400,1100,13-May-19,305,800,15-May-18,200,561,18-May-17,250,885,14-Jun-16,825,1875,07-Jul-15,,,,,,,,,,,,,200,700,25-Mar-10,265,690,28-Jul-09,,,,251,454,16-Apr-07,,,
Satana,100,830,16-Mar-23,325,800,22-Jul-20,750,1665,15-Jul-21,325,1025,09-May-19,250,750,14-May-18,200,626,17-May-17,250,890,13-Jun-16,750,1840,06-Jul-15,,,,,,,,,,,,,150,650,23-Mar-10,200,650,27-Jul-09,,,,251,450,13-Apr-07,,,
Satana,500,1115,16-Mar-23,350,850,21-Jul-20,750,1740,14-Jul-21,350,1030,08-May-19,300,805,10-May-18,200,600,12-May-17,300,940,10-Jun-16,775,1835,03-Jul-15,,,,,,,,,,,,,150,700,22-Mar-10,200,660,24-Jul-09,,,,251,456,12-Apr-07,,,
Satana,120,935,15-Mar-23,350,850,16-Jul-20,750,1740,13-Jul-21,300,965,06-May-19,350,850,09-May-18,200,591,11-May-17,250,950,09-Jun-16,750,1825,02-Jul-15,,,,,,,,,,,,,150,670,19-Mar-10,200,670,23-Jul-09,,,,200,432,11-Apr-07,,,
Satana,450,1185,15-Mar-23,350,875,15-Jul-20,750,1765,12-Jul-21,350,955,25-Apr-19,350,795,08-May-18,200,592,09-May-17,300,1020,08-Jun-16,750,1785,01-Jul-15,,,,,,,,,,,,,200,670,17-Mar-10,150,685,22-Jul-09,,,,251,423,10-Apr-07,,,
Satana,100,1030,03-Mar-23,375,835,14-Jul-20,750,1720,09-Jul-21,350,1025,24-Apr-19,300,775,07-May-18,200,599,04-May-17,250,985,07-Jun-16,750,1770,30-Jun-15,,,,,,,,,,,,,100,775,15-Mar-10,200,650,20-Jul-09,,,,251,452,09-Apr-07,,,
Satana,110,970,02-Mar-23,375,875,09-Jul-20,850,1875,08-Jul-21,400,1105,23-Apr-19,350,725,04-May-18,200,626,03-May-17,250,1075,06-Jun-16,750,1795,29-Jun-15,,,,,,,,,,,,,150,810,11-Mar-10,200,675,17-Jul-09,,,,251,551,05-Apr-07,,,
Satana,100,965,01-Mar-23,350,850,08-Jul-20,850,2100,07-Jul-21,400,1300,22-Apr-19,350,805,03-May-18,200,599,02-May-17,250,940,03-Jun-16,825,1875,26-Jun-15,,,,,,,,,,,,,200,785,10-Mar-10,240,715,16-Jul-09,,,,215,519,03-Apr-07,,,
Satana,1100,1100,01-Mar-23,325,825,07-Jul-20,825,1975,06-Jul-21,350,1005,16-Apr-19,375,860,02-May-18,250,612,26-Apr-17,250,925,02-Jun-16,850,2000,25-Jun-15,,,,,,,,,,,,,200,750,09-Mar-10,150,765,15-Jul-09,,,,251,550,02-Apr-07,,,
Satana,110,930,28-Feb-23,350,890,06-Jul-20,700,1965,05-Jul-21,400,1000,15-Apr-19,300,755,25-Apr-18,250,621,25-Apr-17,220,935,01-Jun-16,850,2000,24-Jun-15,,,,,,,,,,,,,350,875,09-Mar-10,155,715,14-Jul-09,,,,201,608,20-Mar-07,,,
Satana,100,855,27-Feb-23,350,850,03-Jul-20,700,2000,02-Jul-21,350,1111,11-Apr-19,300,755,24-Apr-18,250,640,24-Apr-17,210,865,31-May-16,825,1940,23-Jun-15,,,,,,,,,,,,,200,815,03-Mar-10,150,720,13-Jul-09,,,,200,650,14-Mar-07,,,
Satana,125,1000,24-Feb-23,350,850,02-Jul-20,750,1895,01-Jul-21,300,955,10-Apr-19,350,800,23-Apr-18,250,630,21-Apr-17,200,890,30-May-16,850,1990,22-Jun-15,,,,,,,,,,,,,100,730,02-Mar-10,275,470,13-May-09,,,,201,750,13-Mar-07,,,
Satana,100,905,23-Feb-23,350,890,01-Jul-20,750,1860,30-Jun-21,250,870,09-Apr-19,350,695,19-Apr-18,250,590,20-Apr-17,200,925,27-May-16,850,1990,19-Jun-15,,,,,,,,,,,,,150,840,23-Feb-10,200,565,11-May-09,,,,201,825,12-Mar-07,,,
Satana,150,925,22-Feb-23,350,950,30-Jun-20,750,1960,29-Jun-21,250,875,08-Apr-19,400,770,11-Apr-18,250,653,19-Apr-17,200,895,26-May-16,825,2150,18-Jun-15,,,,,,,,,,,,,200,1080,18-Feb-10,200,585,08-May-09,,,,200,566,01-Mar-07,,,
Satana,130,875,21-Feb-23,375,980,29-Jun-20,750,2250,28-Jun-21,250,875,04-Apr-19,350,770,10-Apr-18,300,618,18-Apr-17,250,895,25-May-16,850,2185,17-Jun-15,,,,,,,,,,,,,200,1100,17-Feb-10,270,615,07-May-09,,,,251,923,23-Feb-07,,,
Satana,200,960,17-Feb-23,375,1000,26-Jun-20,750,1965,25-Jun-21,250,870,27-Mar-19,400,775,09-Apr-18,300,657,13-Apr-17,250,860,24-May-16,850,2180,16-Jun-15,,,,,,,,,,,,,200,1100,16-Feb-10,200,525,06-May-09,,,,250,850,22-Feb-07,,,
Satana,180,905,16-Feb-23,350,885,25-Jun-20,825,2140,24-Jun-21,300,880,26-Mar-19,475,810,26-Mar-18,300,626,12-Apr-17,250,840,23-May-16,850,2255,15-Jun-15,,,,,,,,,,,,,200,1175,15-Feb-10,235,550,05-May-09,,,,250,1025,21-Feb-07,,,
Satana,175,1000,15-Feb-23,350,825,24-Jun-20,850,2010,23-Jun-21,350,875,14-Mar-19,500,920,23-Mar-18,350,637,11-Apr-17,250,750,19-May-16,850,2485,11-Jun-15,,,,,,,,,,,,,300,1355,08-Feb-10,200,545,04-May-09,,,,301,1100,20-Feb-07,,,
Satana,150,1055,14-Feb-23,350,835,23-Jun-20,850,2265,22-Jun-21,200,860,13-Mar-19,500,900,22-Mar-18,350,660,10-Apr-17,250,820,17-May-16,850,2400,10-Jun-15,,,,,,,,,,,,,200,1370,04-Feb-10,300,520,30-Apr-09,,,,401,1101,19-Feb-07,,,
Satana,150,1195,13-Feb-23,350,885,22-Jun-20,850,2185,21-Jun-21,250,900,12-Mar-19,500,895,21-Mar-18,300,656,07-Apr-17,250,820,16-May-16,750,1250,19-Mar-15,,,,,,,,,,,,,250,1385,03-Feb-10,300,450,29-Apr-09,,,,351,1184,15-Feb-07,,,
Satana,200,1260,10-Feb-23,350,880,19-Jun-20,850,2175,18-Jun-21,200,850,11-Mar-19,500,820,20-Mar-18,300,621,06-Apr-17,250,825,13-May-16,725,1350,18-Mar-15,,,,,,,,,,,,,200,1420,02-Feb-10,200,470,28-Apr-09,,,,411,1131,14-Feb-07,,,
Satana,250,1265,09-Feb-23,350,895,18-Jun-20,810,2175,17-Jun-21,200,650,07-Mar-19,500,885,13-Mar-18,250,565,24-Mar-17,300,820,12-May-16,850,1455,13-Mar-15,,,,,,,,,,,,,250,1420,01-Feb-10,300,555,08-Apr-09,,,,401,1125,13-Feb-07,,,
Satana,200,1245,08-Feb-23,350,930,17-Jun-20,810,2225,16-Jun-21,200,670,06-Mar-19,400,875,12-Mar-18,300,700,24-Mar-17,300,860,11-May-16,850,1425,03-Mar-15,,,,,,,,,,,,,250,1375,29-Jan-10,305,665,25-Mar-09,,,,301,1175,12-Feb-07,,,
Satana,250,1240,07-Feb-23,350,885,16-Jun-20,810,2110,15-Jun-21,175,585,05-Mar-19,550,1135,07-Mar-18,250,585,23-Mar-17,350,850,10-May-16,850,1545,02-Mar-15,,,,,,,,,,,,,200,1470,28-Jan-10,300,725,24-Mar-09,,,,300,1051,09-Feb-07,,,
Satana,200,1235,06-Feb-23,375,950,15-Jun-20,810,2050,14-Jun-21,150,485,27-Feb-19,450,1255,27-Feb-18,300,661,23-Mar-17,350,815,05-May-16,850,1520,25-Feb-15,,,,,,,,,,,,,300,1575,27-Jan-10,100,765,20-Mar-09,,,,301,1111,08-Feb-07,,,
Satana,315,1290,02-Feb-23,375,1025,12-Jun-20,825,2055,11-Jun-21,100,465,26-Feb-19,600,1370,26-Feb-18,250,588,22-Mar-17,350,815,04-May-16,750,1595,18-Feb-15,,,,,,,,,,,,,300,1590,25-Jan-10,250,1065,19-Mar-09,,,,401,1275,07-Feb-07,,,
Satana,200,1250,30-Jan-23,400,1120,11-Jun-20,850,2100,10-Jun-21,100,465,25-Feb-19,900,2025,20-Feb-18,300,686,22-Mar-17,350,835,03-May-16,750,1595,16-Feb-15,,,,,,,,,,,,,250,1675,21-Jan-10,200,650,18-Mar-09,,,,600,1426,06-Feb-07,,,
Satana,105,1150,30-Jan-23,450,1295,10-Jun-20,850,2150,09-Jun-21,150,500,21-Feb-19,850,1830,16-Feb-18,250,582,21-Mar-17,350,825,02-May-16,850,1595,12-Feb-15,,,,,,,,,,,,,250,1535,20-Jan-10,300,895,18-Mar-09,,,,401,1126,02-Feb-07,,,
Satana,300,1405,27-Jan-23,450,1145,09-Jun-20,850,2145,08-Jun-21,150,575,20-Feb-19,850,1850,15-Feb-18,300,715,21-Mar-17,400,845,27-Apr-16,,,,,,,,,,,,,,,,350,1700,19-Jan-10,200,880,17-Mar-09,,,,201,1080,29-Jan-07,,,
Satana,200,1600,27-Jan-23,375,980,08-Jun-20,850,2075,04-Jun-21,150,545,18-Feb-19,900,1900,14-Feb-18,250,536,20-Mar-17,400,840,26-Apr-16,,,,,,,,,,,,,,,,300,1605,18-Jan-10,275,770,17-Mar-09,,,,201,1025,25-Jan-07,,,
Satana,325,1500,25-Jan-23,375,880,04-Jun-20,850,2055,03-Jun-21,200,525,14-Feb-19,950,2005,08-Feb-18,300,664,20-Mar-17,400,835,25-Apr-16,,,,,,,,,,,,,,,,300,1605,13-Jan-10,300,945,16-Mar-09,,,,250,1040,24-Jan-07,,,
Satana,250,1315,25-Jan-23,375,910,03-Jun-20,850,2070,02-Jun-21,50,170,14-Feb-19,900,2080,07-Feb-18,250,565,16-Mar-17,400,875,22-Apr-16,,,,,,,,,,,,,,,,200,1625,12-Jan-10,300,905,12-Mar-09,,,,201,1011,23-Jan-07,,,
Satana,300,1425,24-Jan-23,375,875,02-Jun-20,850,2090,01-Jun-21,200,545,13-Feb-19,950,2600,06-Feb-18,300,660,16-Mar-17,450,875,21-Apr-16,,,,,,,,,,,,,,,,200,1380,11-Jan-10,200,760,11-Mar-09,,,,500,1152,17-Jan-07,,,
Satana,360,1450,24-Jan-23,375,910,01-Jun-20,850,2075,31-May-21,60,220,13-Feb-19,950,2495,05-Feb-18,250,565,15-Mar-17,450,875,20-Apr-16,,,,,,,,,,,,,,,,300,1580,08-Jan-10,250,940,06-Mar-09,,,,401,1252,16-Jan-07,,,
Satana,350,1465,23-Jan-23,385,925,29-May-20,800,1775,27-May-21,200,600,12-Feb-19,800,1965,31-Jan-18,300,671,15-Mar-17,450,880,18-Apr-16,,,,,,,,,,,,,,,,325,1690,07-Jan-10,300,930,05-Mar-09,,,,201,1005,12-Jan-07,,,
Satana,200,1355,23-Jan-23,375,880,28-May-20,800,1815,26-May-21,50,235,12-Feb-19,850,2335,29-Jan-18,250,540,14-Mar-17,450,850,13-Apr-16,,,,,,,,,,,,,,,,300,1640,06-Jan-10,400,835,04-Mar-09,,,,351,1022,08-Jan-07,,,
Satana,300,1530,17-Jan-23,375,855,27-May-20,750,1750,25-May-21,150,465,11-Feb-19,1050,3050,24-Jan-18,300,640,14-Mar-17,450,890,12-Apr-16,,,,,,,,,,,,,,,,300,1700,05-Jan-10,300,985,03-Mar-09,,,,241,880,04-Jan-07,,,
Satana,200,1490,17-Jan-23,375,855,26-May-20,750,1625,24-May-21,70,215,11-Feb-19,1050,3120,23-Jan-18,250,600,09-Mar-17,400,795,11-Apr-16,,,,,,,,,,,,,,,,250,1600,04-Jan-10,400,1075,02-Mar-09,,,,251,868,03-Jan-07,,,
Satana,450,1615,12-Jan-23,375,805,22-May-20,500,975,11-May-21,200,510,06-Feb-19,1050,3105,22-Jan-18,300,647,09-Mar-17,450,840,11-Apr-16,,,,,,,,,,,,,,,,350,1800,01-Jan-10,400,1210,27-Feb-09,,,,,,,,,
Satana,200,1200,12-Jan-23,375,755,21-May-20,650,1545,11-May-21,50,245,06-Feb-19,1250,3200,19-Jan-18,250,621,08-Mar-17,400,610,07-Apr-16,,,,,,,,,,,,,,,,,,,400,1240,26-Feb-09,,,,,,,,,
Satana,550,1605,11-Jan-23,375,735,20-May-20,500,950,10-May-21,200,555,05-Feb-19,1050,3200,18-Jan-18,300,691,08-Mar-17,450,800,07-Apr-16,,,,,,,,,,,,,,,,,,,400,1265,25-Feb-09,,,,,,,,,
Satana,225,1365,11-Jan-23,350,690,18-May-20,650,1540,10-May-21,70,200,05-Feb-19,1250,3230,17-Jan-18,250,575,07-Mar-17,400,625,06-Apr-16,,,,,,,,,,,,,,,,,,,800,1285,24-Feb-09,,,,,,,,,
Satana,500,1695,10-Jan-23,750,1550,23-Mar-20,425,1025,07-May-21,150,555,04-Feb-19,1250,3180,16-Jan-18,300,735,07-Mar-17,450,810,06-Apr-16,,,,,,,,,,,,,,,,,,,400,1350,20-Feb-09,,,,,,,,,
Satana,225,1330,10-Jan-23,750,1465,18-Mar-20,650,1455,07-May-21,50,200,04-Feb-19,1150,3305,11-Jan-18,250,620,06-Mar-17,400,760,05-Apr-16,,,,,,,,,,,,,,,,,,,500,1330,19-Feb-09,,,,,,,,,
Satana,410,1675,04-Jan-23,850,1595,17-Mar-20,450,1025,06-May-21,150,530,31-Jan-19,1050,3190,10-Jan-18,300,711,06-Mar-17,450,875,05-Apr-16,,,,,,,,,,,,,,,,,,,300,1240,18-Feb-09,,,,,,,,,
Satana,200,1645,04-Jan-23,850,1735,16-Mar-20,650,1490,06-May-21,50,205,31-Jan-19,1050,3400,09-Jan-18,250,600,02-Mar-17,250,800,22-Mar-16,,,,,,,,,,,,,,,,,,,351,1217,06-Feb-09,,,,,,,,,
,,,,850,1970,06-Mar-20,425,995,05-May-21,175,540,30-Jan-19,1875,3805,05-Jan-18,300,712,02-Mar-17,400,820,22-Mar-16,,,,,,,,,,,,,,,,,,,700,1400,05-Feb-09,,,,,,,,,
,,,,750,1835,05-Mar-20,650,1375,05-May-21,70,225,30-Jan-19,1850,3720,04-Jan-18,250,704,28-Feb-17,250,795,21-Mar-16,,,,,,,,,,,,,,,,,,,750,1375,04-Feb-09,,,,,,,,,
,,,,750,1785,02-Mar-20,450,1015,04-May-21,150,565,29-Jan-19,1850,3705,03-Jan-18,250,712,27-Feb-17,400,815,21-Mar-16,,,,,,,,,,,,,,,,,,,700,1251,03-Feb-09,,,,,,,,,
,,,,850,2100,28-Feb-20,650,1465,04-May-21,50,265,29-Jan-19,1250,3805,02-Jan-18,250,675,23-Feb-17,275,710,18-Mar-16,,,,,,,,,,,,,,,,,,,351,1025,02-Feb-09,,,,,,,,,
,,,,950,2240,27-Feb-20,450,1015,03-May-21,150,545,28-Jan-19,1250,4000,01-Jan-18,250,631,22-Feb-17,400,770,18-Mar-16,,,,,,,,,,,,,,,,,,,300,960,29-Jan-09,,,,,,,,,
,,,,750,1880,25-Feb-20,650,1465,03-May-21,70,315,28-Jan-19,700,800,30-Dec-18,250,611,17-Feb-17,250,770,17-Mar-16,,,,,,,,,,,,,,,,,,,750,1596,23-Jan-09,,,,,,,,,
,,,,750,2005,24-Feb-20,475,1150,29-Apr-21,50,580,24-Jan-19,,,,250,640,16-Feb-17,250,740,16-Mar-16,,,,,,,,,,,,,,,,,,,505,1520,22-Jan-09,,,,,,,,,
,,,,750,2155,20-Feb-20,650,1550,29-Apr-21,60,280,24-Jan-19,,,,250,601,15-Feb-17,250,850,15-Mar-16,,,,,,,,,,,,,,,,,,,501,1536,21-Jan-09,,,,,,,,,
,,,,750,2200,18-Feb-20,450,1030,28-Apr-21,150,580,23-Jan-19,,,,250,657,14-Feb-17,250,795,14-Mar-16,,,,,,,,,,,,,,,,,,,501,1575,20-Jan-09,,,,,,,,,
,,,,750,2200,17-Feb-20,650,1500,28-Apr-21,100,380,23-Jan-19,,,,250,636,13-Feb-17,250,815,11-Mar-16,,,,,,,,,,,,,,,,,,,500,1561,19-Jan-09,,,,,,,,,
,,,,650,2275,12-Feb-20,450,1015,27-Apr-21,150,655,22-Jan-19,,,,250,636,13-Feb-17,250,845,10-Mar-16,,,,,,,,,,,,,,,,,,,450,1551,16-Jan-09,,,,,,,,,
,,,,650,2225,11-Feb-20,625,1275,27-Apr-21,60,205,22-Jan-19,,,,250,575,10-Feb-17,250,875,09-Mar-16,,,,,,,,,,,,,,,,,,,350,1411,13-Jan-09,,,,,,,,,
,,,,650,2310,10-Feb-20,450,1025,26-Apr-21,150,695,21-Jan-19,,,,250,600,09-Feb-17,250,900,08-Mar-16,,,,,,,,,,,,,,,,,,,450,1326,12-Jan-09,,,,,,,,,
,,,,700,1955,06-Feb-20,650,1370,26-Apr-21,40,235,21-Jan-19,,,,250,600,08-Feb-17,250,830,04-Mar-16,,,,,,,,,,,,,,,,,,,501,1380,08-Jan-09,,,,,,,,,
,,,,750,1870,05-Feb-20,450,925,23-Apr-21,175,750,10-Jan-19,,,,250,631,07-Feb-17,200,820,03-Mar-16,,,,,,,,,,,,,,,,,,,500,1441,07-Jan-09,,,,,,,,,
,,,,750,2135,04-Feb-20,625,1310,23-Apr-21,50,240,10-Jan-19,,,,250,608,06-Feb-17,200,830,02-Mar-16,,,,,,,,,,,,,,,,,,,600,1451,06-Jan-09,,,,,,,,,
,,,,850,2555,03-Feb-20,450,1065,22-Apr-21,125,625,09-Jan-19,,,,250,603,03-Feb-17,200,850,01-Mar-16,,,,,,,,,,,,,,,,,,,550,1426,02-Jan-09,,,,,,,,,
,,,,850,2875,30-Jan-20,625,1305,22-Apr-21,50,285,09-Jan-19,,,,300,615,02-Feb-17,200,890,29-Feb-16,,,,,,,,,,,,,,,,,,,650,1340,01-Jan-09,,,,,,,,,
,,,,950,3050,29-Jan-20,450,950,20-Apr-21,175,715,08-Jan-19,,,,300,656,01-Feb-17,215,900,26-Feb-16,,,,,,,,,,,,,,,,,,,,,,,,,,,,,,
,,,,850,2800,28-Jan-20,625,1285,20-Apr-21,50,305,08-Jan-19,,,,300,664,31-Jan-17,200,925,24-Feb-16,,,,,,,,,,,,,,,,,,,,,,,,,,,,,,
,,,,850,2900,27-Jan-20,450,910,19-Apr-21,175,735,07-Jan-19,,,,300,691,30-Jan-17,200,980,23-Feb-16,,,,,,,,,,,,,,,,,,,,,,,,,,,,,,
,,,,1050,3680,23-Jan-20,625,1300,19-Apr-21,50,380,07-Jan-19,,,,350,666,25-Jan-17,200,940,22-Feb-16,,,,,,,,,,,,,,,,,,,,,,,,,,,,,,
,,,,1050,3905,22-Jan-20,450,825,16-Apr-21,250,805,03-Jan-19,,,,300,676,24-Jan-17,200,955,18-Feb-16,,,,,,,,,,,,,,,,,,,,,,,,,,,,,,
,,,,1050,4215,21-Jan-20,500,1090,16-Apr-21,75,375,03-Jan-19,,,,300,692,19-Jan-17,200,995,17-Feb-16,,,,,,,,,,,,,,,,,,,,,,,,,,,,,,
,,,,1050,4800,20-Jan-20,450,875,15-Apr-21,,,,,,,300,736,18-Jan-17,200,955,16-Feb-16,,,,,,,,,,,,,,,,,,,,,,,,,,,,,,
,,,,950,4090,17-Jan-20,500,1120,15-Apr-21,,,,,,,300,692,17-Jan-17,250,1005,15-Feb-16,,,,,,,,,,,,,,,,,,,,,,,,,,,,,,
,,,,950,3350,13-Jan-20,425,850,12-Apr-21,,,,,,,300,675,16-Jan-17,250,1205,10-Feb-16,,,,,,,,,,,,,,,,,,,,,,,,,,,,,,
,,,,1050,4150,09-Jan-20,510,1085,12-Apr-21,,,,,,,300,699,13-Jan-17,250,1110,09-Feb-16,,,,,,,,,,,,,,,,,,,,,,,,,,,,,,
,,,,1050,4700,08-Jan-20,450,835,08-Apr-21,,,,,,,400,727,12-Jan-17,300,1095,08-Feb-16,,,,,,,,,,,,,,,,,,,,,,,,,,,,,,
,,,,1050,4870,07-Jan-20,500,1030,08-Apr-21,,,,,,,200,200,12-Jan-17,300,1150,04-Feb-16,,,,,,,,,,,,,,,,,,,,,,,,,,,,,,
,,,,1050,4495,06-Jan-20,450,925,07-Apr-21,,,,,,,300,752,11-Jan-17,300,1300,03-Feb-16,,,,,,,,,,,,,,,,,,,,,,,,,,,,,,
,,,,1150,4450,03-Jan-20,515,1000,07-Apr-21,,,,,,,200,520,11-Jan-17,300,1205,02-Feb-16,,,,,,,,,,,,,,,,,,,,,,,,,,,,,,
,,,,1150,4815,02-Jan-20,400,910,06-Apr-21,,,,,,,300,800,10-Jan-17,400,1245,01-Feb-16,,,,,,,,,,,,,,,,,,,,,,,,,,,,,,
,,,,1250,4450,01-Jan-20,505,1035,06-Apr-21,,,,,,,257,627,10-Jan-17,450,1265,29-Jan-16,,,,,,,,,,,,,,,,,,,,,,,,,,,,,,
,,,,,,,450,925,05-Apr-21,,,,,,,400,670,09-Jan-17,400,1350,28-Jan-16,,,,,,,,,,,,,,,,,,,,,,,,,,,,,,
,,,,,,,550,1060,05-Apr-21,,,,,,,150,430,09-Jan-17,400,1345,27-Jan-16,,,,,,,,,,,,,,,,,,,,,,,,,,,,,,
,,,,,,,600,1045,25-Mar-21,,,,,,,400,805,06-Jan-17,400,1360,25-Jan-16,,,,,,,,,,,,,,,,,,,,,,,,,,,,,,
,,,,,,,700,1175,25-Mar-21,,,,,,,100,551,06-Jan-17,400,1295,22-Jan-16,,,,,,,,,,,,,,,,,,,,,,,,,,,,,,
,,,,,,,650,1075,24-Mar-21,,,,,,,350,800,05-Jan-17,450,1305,21-Jan-16,,,,,,,,,,,,,,,,,,,,,,,,,,,,,,
,,,,,,,750,1170,24-Mar-21,,,,,,,150,505,05-Jan-17,450,1295,20-Jan-16,,,,,,,,,,,,,,,,,,,,,,,,,,,,,,
,,,,,,,750,1565,15-Mar-21,,,,,,,400,835,04-Jan-17,400,1370,19-Jan-16,,,,,,,,,,,,,,,,,,,,,,,,,,,,,,
,,,,,,,850,1795,15-Mar-21,,,,,,,150,685,04-Jan-17,400,1360,18-Jan-16,,,,,,,,,,,,,,,,,,,,,,,,,,,,,,
,,,,,,,750,1490,12-Mar-21,,,,,,,350,830,03-Jan-17,400,1355,13-Jan-16,,,,,,,,,,,,,,,,,,,,,,,,,,,,,,
,,,,,,,850,1565,12-Mar-21,,,,,,,150,551,03-Jan-17,400,1355,12-Jan-16,,,,,,,,,,,,,,,,,,,,,,,,,,,,,,
,,,,,,,550,1395,10-Mar-21,,,,,,,350,829,02-Jan-17,400,1305,11-Jan-16,,,,,,,,,,,,,,,,,,,,,,,,,,,,,,
,,,,,,,750,1420,10-Mar-21,,,,,,,150,565,02-Jan-17,500,1380,08-Jan-16,,,,,,,,,,,,,,,,,,,,,,,,,,,,,,
,,,,,,,750,1575,09-Mar-21,,,,,,,,,,500,1500,07-Jan-16,,,,,,,,,,,,,,,,,,,,,,,,,,,,,,
,,,,,,,850,1630,09-Mar-21,,,,,,,,,,500,1560,01-Jan-16,,,,,,,,,,,,,,,,,,,,,,,,,,,,,,
,,,,,,,900,1635,08-Mar-21,,,,,,,,,,,,,,,,,,,,,,,,,,,,,,,,,,,,,,,,,,
,,,,,,,950,1870,08-Mar-21,,,,,,,,,,,,,,,,,,,,,,,,,,,,,,,,,,,,,,,,,,
,,,,,,,1050,2055,05-Mar-21,,,,,,,,,,,,,,,,,,,,,,,,,,,,,,,,,,,,,,,,,,
,,,,,,,1000,2060,05-Mar-21,,,,,,,,,,,,,,,,,,,,,,,,,,,,,,,,,,,,,,,,,,
,,,,,,,1350,2380,04-Mar-21,,,,,,,,,,,,,,,,,,,,,,,,,,,,,,,,,,,,,,,,,,
,,,,,,,1350,2300,04-Mar-21,,,,,,,,,,,,,,,,,,,,,,,,,,,,,,,,,,,,,,,,,,
,,,,,,,1350,2705,03-Mar-21,,,,,,,,,,,,,,,,,,,,,,,,,,,,,,,,,,,,,,,,,,
,,,,,,,1500,2620,03-Mar-21,,,,,,,,,,,,,,,,,,,,,,,,,,,,,,,,,,,,,,,,,,
,,,,,,,1500,2690,02-Mar-21,,,,,,,,,,,,,,,,,,,,,,,,,,,,,,,,,,,,,,,,,,
,,,,,,,1500,2625,01-Mar-21,,,,,,,,,,,,,,,,,,,,,,,,,,,,,,,,,,,,,,,,,,
,,,,,,,1050,2575,26-Feb-21,,,,,,,,,,,,,,,,,,,,,,,,,,,,,,,,,,,,,,,,,,
,,,,,,,1350,2950,25-Feb-21,,,,,,,,,,,,,,,,,,,,,,,,,,,,,,,,,,,,,,,,,,
,,,,,,,1550,3450,24-Feb-21,,,,,,,,,,,,,,,,,,,,,,,,,,,,,,,,,,,,,,,,,,
,,,,,,,1950,4175,23-Feb-21,,,,,,,,,,,,,,,,,,,,,,,,,,,,,,,,,,,,,,,,,,
,,,,,,,1950,4255,22-Feb-21,,,,,,,,,,,,,,,,,,,,,,,,,,,,,,,,,,,,,,,,,,
,,,,,,,1950,4105,18-Feb-21,,,,,,,,,,,,,,,,,,,,,,,,,,,,,,,,,,,,,,,,,,
,,,,,,,1950,4035,17-Feb-21,,,,,,,,,,,,,,,,,,,,,,,,,,,,,,,,,,,,,,,,,,
,,,,,,,1700,3945,16-Feb-21,,,,,,,,,,,,,,,,,,,,,,,,,,,,,,,,,,,,,,,,,,
,,,,,,,1500,3550,15-Feb-21,,,,,,,,,,,,,,,,,,,,,,,,,,,,,,,,,,,,,,,,,,
,,,,,,,1500,3800,11-Feb-21,,,,,,,,,,,,,,,,,,,,,,,,,,,,,,,,,,,,,,,,,,
,,,,,,,1500,3860,10-Feb-21,,,,,,,,,,,,,,,,,,,,,,,,,,,,,,,,,,,,,,,,,,
,,,,,,,1500,3675,09-Feb-21,,,,,,,,,,,,,,,,,,,,,,,,,,,,,,,,,,,,,,,,,,
,,,,,,,1350,3150,05-Feb-21,,,,,,,,,,,,,,,,,,,,,,,,,,,,,,,,,,,,,,,,,,
,,,,,,,1550,3550,04-Feb-21,,,,,,,,,,,,,,,,,,,,,,,,,,,,,,,,,,,,,,,,,,
,,,,,,,1550,3750,03-Feb-21,,,,,,,,,,,,,,,,,,,,,,,,,,,,,,,,,,,,,,,,,,
,,,,,,,1250,3775,03-Feb-21,,,,,,,,,,,,,,,,,,,,,,,,,,,,,,,,,,,,,,,,,,
,,,,,,,1550,3790,02-Feb-21,,,,,,,,,,,,,,,,,,,,,,,,,,,,,,,,,,,,,,,,,,
,,,,,,,1250,3555,02-Feb-21,,,,,,,,,,,,,,,,,,,,,,,,,,,,,,,,,,,,,,,,,,
,,,,,,,1250,3050,29-Jan-21,,,,,,,,,,,,,,,,,,,,,,,,,,,,,,,,,,,,,,,,,,
,,,,,,,1050,2640,29-Jan-21,,,,,,,,,,,,,,,,,,,,,,,,,,,,,,,,,,,,,,,,,,
,,,,,,,1250,2910,28-Jan-21,,,,,,,,,,,,,,,,,,,,,,,,,,,,,,,,,,,,,,,,,,
,,,,,,,1100,2640,28-Jan-21,,,,,,,,,,,,,,,,,,,,,,,,,,,,,,,,,,,,,,,,,,
,,,,,,,1250,2760,27-Jan-21,,,,,,,,,,,,,,,,,,,,,,,,,,,,,,,,,,,,,,,,,,
,,,,,,,1050,2235,27-Jan-21,,,,,,,,,,,,,,,,,,,,,,,,,,,,,,,,,,,,,,,,,,
,,,,,,,1150,2605,25-Jan-21,,,,,,,,,,,,,,,,,,,,,,,,,,,,,,,,,,,,,,,,,,
,,,,,,,1050,2230,25-Jan-21,,,,,,,,,,,,,,,,,,,,,,,,,,,,,,,,,,,,,,,,,,
,,,,,,,1150,3055,22-Jan-21,,,,,,,,,,,,,,,,,,,,,,,,,,,,,,,,,,,,,,,,,,
,,,,,,,1050,2755,22-Jan-21,,,,,,,,,,,,,,,,,,,,,,,,,,,,,,,,,,,,,,,,,,
,,,,,,,1150,3055,21-Jan-21,,,,,,,,,,,,,,,,,,,,,,,,,,,,,,,,,,,,,,,,,,
,,,,,,,1050,3000,21-Jan-21,,,,,,,,,,,,,,,,,,,,,,,,,,,,,,,,,,,,,,,,,,
,,,,,,,1150,3100,20-Jan-21,,,,,,,,,,,,,,,,,,,,,,,,,,,,,,,,,,,,,,,,,,
,,,,,,,1050,3130,20-Jan-21,,,,,,,,,,,,,,,,,,,,,,,,,,,,,,,,,,,,,,,,,,
,,,,,,,1150,3210,19-Jan-21,,,,,,,,,,,,,,,,,,,,,,,,,,,,,,,,,,,,,,,,,,
,,,,,,,1050,2950,19-Jan-21,,,,,,,,,,,,,,,,,,,,,,,,,,,,,,,,,,,,,,,,,,
,,,,,,,1150,3075,18-Jan-21,,,,,,,,,,,,,,,,,,,,,,,,,,,,,,,,,,,,,,,,,,
,,,,,,,1050,2690,18-Jan-21,,,,,,,,,,,,,,,,,,,,,,,,,,,,,,,,,,,,,,,,,,
,,,,,,,1100,2965,05-Jan-21,,,,,,,,,,,,,,,,,,,,,,,,,,,,,,,,,,,,,,,,,,
,,,,,,,950,2695,05-Jan-21,,,,,,,,,,,,,,,,,,,,,,,,,,,,,,,,,,,,,,,,,,
,,,,,,,1100,2865,04-Jan-21,,,,,,,,,,,,,,,,,,,,,,,,,,,,,,,,,,,,,,,,,,
,,,,,,,950,2555,04-Jan-21,,,,,,,,,,,,,,,,,,,,,,,,,,,,,,,,,,,,,,,,,,
,,,,,,,1150,2700,01-Jan-21,,,,,,,,,,,,,,,,,,,,,,,,,,,,,,,,,,,,,,,,,,
,,,,,,,950,2500,01-Jan-21,,,,,,,,,,,,,,,,,,,,,,,,,,,,,,,,,,,,,,,,,,